cnpjorigemdados;dataatualizacao;iditem;descricaoitem;vlrunitario;armazem;qtdtotal;vlrtotal;qtdpedidavenda;qtdreservada;qtdprevisaoentrada;dtultimavenda;teste
12345678000199;2021-08-19 00:45:36;0021336094;VALVULA DE DRENO;2292.92;P01--020;1.00;2292.92;0;0;0;2019-07-01;2019-07-10
12345678000199;2021-08-19 00:45:36;0050010215;ARRUELA;5.20;P08--047;4.00;20.79;0;0;0;2018-12-13;2019-02-28
12345678000199;2021-08-19 00:45:36;0050035223;PARAFUSO;1.23;P02--048;14.00;17.18;0;0;0;2020-12-31;2021-01-07
12345678000199;2021-08-19 00:45:36;0050047771;ARRUELA;0.49;P16--034;214.00;104.86;0;0;0;2020-12-31;2021-01-22
12345678000199;2021-08-19 00:45:36;0051377934;Parafuso;2.88;P07--050;70.00;201.62;0;0;0;2020-12-31;2021-01-14
12345678000199;2021-08-19 00:45:36;0071341771;Engate ;121.44;P11--053;1.00;121.44;0;0;0;2020-01-31;2020-01-22
12345678000199;2021-08-19 00:45:36;0071341772;Engate ;238.27;P04--174;1.00;238.27;0;0;0;2019-04-05;2019-04-04
12345678000199;2021-08-19 00:45:36;0071342926;Plugue ;221.83;P06--082;9.00;1996.44;0;0;0;2020-12-11;2020-12-30
12345678000199;2021-08-19 00:45:36;0080033078;MANGUEIRA DO RADIADO;269.11;R01-C-002;3.00;807.32;0;0;0;2020-07-07;2020-09-04
12345678000199;2021-08-19 00:45:36;0080284428;Indicador de nivel;83.31;P16--240;2.00;166.61;0;0;0;2020-07-09;2020-07-10
12345678000199;2021-08-19 00:45:36;0080312570;TUBO ;179.63;P05--082;1.00;179.63;0;0;0;2020-12-29;2021-01-05
12345678000199;2021-08-19 00:45:36;010.0011-0;OLEO MS LUB1 LITRO;18.27;P13--019;6.00;109.60;0;0;0;2020-05-22;1900-01-01
12345678000199;2021-08-19 00:45:36;010279 ;CORRENTE SIMPLS 80MM;48.69;P15--019;2.00;97.38;0;0;0;2016-08-09;1900-01-01
12345678000199;2021-08-19 00:45:36;0111378973;BUCHA;17.86;P09--044;12.00;214.26;0;0;0;2020-12-31;2021-01-06
12345678000199;2021-08-19 00:45:36;0121326069;Rolamento ;993.11;R03-A-003;12.00;11917.26;0;0;0;2021-01-12;2021-01-12
12345678000199;2021-08-19 00:45:36;0121378786;Rolamento ;112.01;P09--082;4.00;448.04;0;0;0;2020-12-31;2020-12-18
12345678000199;2021-08-19 00:45:36;0131302893;PINO ;7.49;P09--027;8.00;59.91;0;0;0;2020-06-22;2020-10-05
12345678000199;2021-08-19 00:45:36;0151300689;ANEL O ;4.82;P09--050;4.00;19.27;0;0;0;2020-10-09;2020-10-16
12345678000199;2021-08-19 00:45:36;0151333927;Para-choque;91.06;R03-B-004;59.00;5372.51;0;0;0;2020-12-22;2021-01-19
12345678000199;2021-08-19 00:45:36;0151399452;VEDACAO;747.41;P13--008;1.00;747.41;0;0;0;2020-12-29;2021-01-08
12345678000199;2021-08-19 00:45:36;0171302411;VEDACAO;83.43;P05--184;1.00;83.43;0;0;0;2019-07-01;2019-03-21
12345678000199;2021-08-19 00:45:36;0171307440;PASSADOR;12.98;P02--096;4.00;51.90;0;0;0;2020-07-21;2020-05-11
12345678000199;2021-08-19 00:45:36;022565-7;BOTINA INFANTIL-4045;124.21;RAK-COL-023;1.00;124.21;0;0;0;2016-05-07;1900-01-01
12345678000199;2021-08-19 00:45:36;0240059956;Secao;1.95;P14--017;65.00;126.49;0;0;0;2020-12-31;2020-09-25
12345678000199;2021-08-19 00:45:36;0261340058;ARRUELA;69.39;P08--006;3.00;208.16;0;0;0;2017-01-23;2020-09-30
12345678000199;2021-08-19 00:45:36;0290042754;Isolador;61.68;P09--085;11.00;678.53;0;0;0;2020-11-04;2020-11-13
12345678000199;2021-08-19 00:45:36;0290294195;Placa;120.50;P08--086;1.00;120.50;0;0;0;2019-12-30;2020-01-08
12345678000199;2021-08-19 00:45:36;0330031606;Kit retentor ;120.53;P08--063;4.00;482.10;0;0;0;2020-05-11;2020-10-08
12345678000199;2021-08-19 00:45:36;0341345954;TAMPA;35.88;P11--036;3.00;107.63;0;0;0;2020-04-27;2019-08-22
12345678000199;2021-08-19 00:45:36;0361309022;CHICOTE DO DIODO;202.57;P10--004;1.00;202.57;0;0;0;2019-04-11;2019-04-09
12345678000199;2021-08-19 00:45:36;0361340803;CONJ MONT CONECTOR E;86.50;P02--370;1.00;86.50;0;0;0;2020-07-03;2020-07-30
12345678000199;2021-08-19 00:45:36;0361350751;Interruptor de alava;115.34;P11--075;4.00;461.35;0;0;0;2021-01-07;2020-03-17
12345678000199;2021-08-19 00:45:36;0361350752;INTERRUPTOR DE ALAVA;143.30;P10--078;2.00;286.59;0;0;0;2016-10-04;2020-11-26
12345678000199;2021-08-19 00:45:36;0361350753;Interruptor de alava;95.38;P02--089;1.00;95.38;0;0;0;2020-08-05;2020-07-30
12345678000199;2021-08-19 00:45:36;0361350754;Interruptor de alava;136.76;P02--084;4.00;547.04;0;0;0;2020-11-27;2020-12-07
12345678000199;2021-08-19 00:45:36;0361351673;Emissor;562.30;P10--014;3.00;1686.90;0;0;0;2020-10-26;2020-11-04
12345678000199;2021-08-19 00:45:36;0363000066;POTENCIOMETRO;170.81;P16--019;7.00;1195.70;0;0;0;2020-08-27;2020-09-04
12345678000199;2021-08-19 00:45:36;0390016102;Junta;8.82;P08--031;1.00;8.82;0;0;0;2020-04-07;2020-04-09
12345678000199;2021-08-19 00:45:36;0390022637;Cubo ;2549.84;P01--058;2.00;5099.67;0;0;0;2020-10-13;2020-10-15
12345678000199;2021-08-19 00:45:36;0390022639;TAMPA;65.66;P08--060;3.00;196.98;0;0;0;2019-12-27;2020-01-03
12345678000199;2021-08-19 00:45:36;0390033344;Tampao ;39.29;P08--032;1.00;39.29;0;0;0;2020-05-29;2020-07-30
12345678000199;2021-08-19 00:45:36;0390034937;ARRUELA;8.67;P03--309;11.00;95.38;0;0;0;2020-02-05;2020-09-03
12345678000199;2021-08-19 00:45:36;03H1439;PARAFUSO;3.20;P04--250;8.00;25.59;0;0;0;2020-12-31;2021-01-05
12345678000199;2021-08-19 00:45:36;03H1598;Parafuso;4.63;P06--260;8.00;37.05;0;0;0;2020-12-31;2021-01-11
12345678000199;2021-08-19 00:45:36;03H2001;Parafuso;7.33;P06--232;4.00;29.30;0;0;0;2020-12-31;2021-01-11
12345678000199;2021-08-19 00:45:36;03H2303;Parafuso;1.88;P03--275;14.00;26.38;0;0;0;2019-05-16;2019-03-22
12345678000199;2021-08-19 00:45:36;03H2334;Parafuso;2.62;P16--230;4.00;10.47;0;0;0;2020-12-31;2019-03-06
12345678000199;2021-08-19 00:45:36;03M7069;PARAFUSO;1.02;P07--038;8.00;8.18;0;0;0;2019-09-04;2019-09-03
12345678000199;2021-08-19 00:45:36;03M7090;PARAFUSO;0.58;P06--130;6.00;3.50;0;0;0;2019-04-18;2019-03-27
12345678000199;2021-08-19 00:45:36;03M7093;PARAFUSO;0.81;P02--312;21.00;17.01;0;0;0;2020-12-15;2020-12-09
12345678000199;2021-08-19 00:45:36;03M7094;PARAFUSO;0.66;P07--016;2.00;1.32;0;0;0;2020-10-16;2020-09-23
12345678000199;2021-08-19 00:45:36;03M7099;PARAFUSO;1.99;P03--102;26.00;51.73;0;0;0;2020-03-20;2020-03-10
12345678000199;2021-08-19 00:45:36;03M7151;PARAFUSO;1.67;P02--288;1.00;1.67;0;0;0;2019-12-18;2019-12-13
12345678000199;2021-08-19 00:45:36;03M7152;PARAFUSO;0.83;P07--030;50.00;41.71;0;0;0;2016-02-16;2020-01-29
12345678000199;2021-08-19 00:45:36;03M7183;PARAFUSO;0.70;P05--045;14.00;9.77;0;0;0;2019-05-20;2020-12-09
12345678000199;2021-08-19 00:45:36;03M7185;PARAFUSO;0.23;P06--043;3.00;0.68;0;0;0;2019-12-10;2018-06-15
12345678000199;2021-08-19 00:45:36;03M7187;PARAFUSO;1.09;P11--033;8.00;8.75;0;0;0;2020-03-24;2020-01-24
12345678000199;2021-08-19 00:45:36;03M7189;Parafuso;0.94;P03--114;6.00;5.62;0;0;0;2020-03-19;1900-01-01
12345678000199;2021-08-19 00:45:36;03M7191;PARAFUSO;0.61;P03--267;3.00;1.84;0;0;0;2020-02-11;2020-02-11
12345678000199;2021-08-19 00:45:36;03M7192;PARAFUSO;1.15;P16--165;12.00;13.78;0;0;0;2020-11-18;2020-11-16
12345678000199;2021-08-19 00:45:36;03M7194;PARAFUSO;1.13;P06--245;45.00;50.90;0;0;0;2020-12-14;2020-12-22
12345678000199;2021-08-19 00:45:36;03M7195;PARAFUSO;1.94;P04--027;71.00;137.54;0;0;0;2020-12-14;2021-01-19
12345678000199;2021-08-19 00:45:36;03M7196;PARAFUSO;1.07;P04--006;10.00;10.66;0;0;0;2020-03-30;2020-03-23
12345678000199;2021-08-19 00:45:36;H211285;COROA;220.61;P06--084;2.00;441.22;0;0;0;2020-04-09;2020-04-01
12345678000199;2021-08-19 00:45:36;0491326957;Anel o ;14.11;P08--002;2.00;28.21;0;0;0;2021-01-12;2021-01-14
12345678000199;2021-08-19 00:45:36;0491346063;Anel o ;30.22;P09--067;2.00;60.44;0;0;0;2020-10-29;2020-12-16
12345678000199;2021-08-19 00:45:36;0601346826;MANOMETRO ;419.61;P06--175;1.00;419.61;0;0;0;2013-08-28;2020-09-25
12345678000199;2021-08-19 00:45:36;0610005800;BUCHA;24.38;P03--092;4.00;97.53;0;0;0;2020-12-31;2021-01-05
12345678000199;2021-08-19 00:45:36;0610297978;Kit retentor ;217.49;P09--039;2.00;434.97;0;0;0;2020-12-14;2020-12-22
12345678000199;2021-08-19 00:45:36;0611304747;Guia do pistao cil h;232.09;P08--019;1.00;232.09;0;0;0;2016-11-03;2020-08-17
12345678000199;2021-08-19 00:45:36;0611304751;Kit retentor ;34.71;P16--074;7.00;242.97;0;0;0;2020-10-29;2020-11-06
12345678000199;2021-08-19 00:45:36;0621305006;Disco;36.57;P03--004;15.00;548.52;0;0;0;2020-12-14;2020-12-29
12345678000199;2021-08-19 00:45:36;0621321111;KIT RETENTOR ;292.34;P08--057;2.00;584.67;0;0;0;2019-11-08;2019-11-12
12345678000199;2021-08-19 00:45:36;062159 ;EMENDA SIMPLES 80MM ;10.05;P02--007;4.00;40.21;0;0;0;2016-08-18;1900-01-01
12345678000199;2021-08-19 00:45:36;063090 ;REDUCAO HL 80MM ;20.48;P08--011;5.00;102.39;0;0;0;2016-08-09;1900-01-01
12345678000199;2021-08-19 00:45:36;0631303679;VEDACAO;24.67;P05--090;6.00;147.99;0;0;0;2019-10-15;2019-10-22
12345678000199;2021-08-19 00:45:36;0631308922;Placa de conexao;346.20;P06--204;9.00;3115.82;0;0;0;2020-07-24;2020-07-08
12345678000199;2021-08-19 00:45:36;0631326136;ANEL DE PRESSAO ;9.97;P06--106;6.00;59.79;0;0;0;2020-06-10;2020-06-17
12345678000199;2021-08-19 00:45:36;0631326139;ESPACADOR ;6.29;P09--017;8.00;50.30;0;0;0;2020-06-10;2020-09-08
12345678000199;2021-08-19 00:45:36;0631356771;Controlador eletro-h;4252.66;P01--032;2.00;8505.32;0;0;0;2020-05-22;2020-05-28
12345678000199;2021-08-19 00:45:36;0633005160;Controle;4419.53;P01--039;2.00;8839.05;0;0;0;2020-07-23;2020-07-03
12345678000199;2021-08-19 00:45:36;0650327763;TapeTe ;30.46;P12--015;3.00;91.37;0;0;0;2019-03-08;2019-10-28
12345678000199;2021-08-19 00:45:36;0651348037;ETIQUETA;19.20;P02--055;5.00;95.98;0;0;0;2019-04-17;2018-01-30
12345678000199;2021-08-19 00:45:36;0711349370;TAMPAO ;19.47;P16--207;1.00;19.47;0;0;0;2021-01-15;2021-01-13
12345678000199;2021-08-19 00:45:36;0881340942;Mangueira hidraulica;167.10;P12--006;1.00;167.10;0;0;0;2016-11-18;1900-01-01
12345678000199;2021-08-19 00:45:36;08H4419;PARAFUSO SEXT.;11.04;P03--221;2.00;22.07;0;0;0;2020-05-29;2019-12-19
12345678000199;2021-08-19 00:45:36;08H4694;PARAFUSO;9.68;P07--070;22.00;212.99;0;0;0;2020-11-06;2020-11-17
12345678000199;2021-08-19 00:45:36;08H4705;Parafuso sextavado;6.80;P08--062;10.00;67.99;0;0;0;2020-07-15;2020-11-24
12345678000199;2021-08-19 00:45:36;1061;ABRACADEIRA NYLON 200 X 3,5 MM ;0.22;P05--134;13.00;2.82;0;0;0;2020-04-30;2020-02-12
12345678000199;2021-08-19 00:45:36;1062;ABRACADEIRA NYLON280 X 4,8 MM;0.44;P16--101;67.00;29.53;0;0;0;2020-02-21;2020-02-12
12345678000199;2021-08-19 00:45:36;1063;ABRACADEIRA NYLON 360 X 4,8 MM ;0.41;P16--062;32.00;13.12;0;0;0;2020-04-30;2020-04-28
12345678000199;2021-08-19 00:45:36;1065;ABRACADEIRA NYLON 580 X 12,6 MM;4.44;P04--239;50.00;222.21;0;0;0;2015-04-30;2020-04-28
12345678000199;2021-08-19 00:45:36;1191382432;Tubo ;71.29;R02-C-001;1.00;71.29;0;0;0;2020-09-11;2020-09-14
12345678000199;2021-08-19 00:45:36;1191396297;Lamina ;255.76;R04--CHA;1.00;255.76;0;0;0;2019-05-23;2019-09-10
12345678000199;2021-08-19 00:45:36;1191396313;Lamina ;89.43;R03-A-002;1.00;89.43;0;0;0;2018-09-27;2018-09-26
12345678000199;2021-08-19 00:45:36;11H218 ;CONTRA-PINO;0.34;P03--068;3.00;1.01;0;0;0;2019-06-03;1900-01-01
12345678000199;2021-08-19 00:45:36;11H249 ;CONTRA-PINO;12.87;P16--199;10.00;128.73;0;0;0;2020-08-27;2017-05-16
12345678000199;2021-08-19 00:45:36;11M7009;Contra-pino;0.05;P16--183;20.00;1.06;0;0;0;2017-11-22;2020-05-08
12345678000199;2021-08-19 00:45:36;11M7012;Contra-pino;0.48;P02--137;4.00;1.90;0;0;0;2020-03-31;2019-08-05
12345678000199;2021-08-19 00:45:36;11M7017;CONTRA-PINO;0.35;P05--038;6.00;2.10;0;0;0;2020-03-12;2017-03-01
12345678000199;2021-08-19 00:45:36;11M7021;CONTRA-PINO;0.64;P06--105;8.00;5.08;0;0;0;2020-11-23;2018-04-06
12345678000199;2021-08-19 00:45:36;11M7023;Contra-pino;0.69;P16--234;89.00;60.99;0;0;0;2019-03-19;2017-12-06
12345678000199;2021-08-19 00:45:36;11M7028;CONTRA-PINO;0.66;P04--098;29.00;19.28;0;0;0;2020-09-01;2017-01-17
12345678000199;2021-08-19 00:45:36;11M7029;CONTRA-PINO;0.39;P02--126;25.00;9.66;0;0;0;2020-01-02;2019-11-07
12345678000199;2021-08-19 00:45:36;11M7030;CONTRA-PINO;0.83;P06--141;8.00;6.60;0;0;0;2020-10-16;2020-10-14
12345678000199;2021-08-19 00:45:36;11M7032;CONTRA-PINO;0.84;P06--028;36.00;30.19;0;0;0;2019-10-31;2020-01-21
12345678000199;2021-08-19 00:45:36;11M7054;CONTRA-PINO;0.89;P07--106;29.00;25.74;0;0;0;2021-01-05;2020-10-05
12345678000199;2021-08-19 00:45:36;11M7059;CONTRA-PINO;0.41;P02--029;3.00;1.23;0;0;0;2020-03-28;2020-03-02
12345678000199;2021-08-19 00:45:36;11M7082;CONTRA-PINO;0.34;P02--343;4.00;1.35;0;0;0;2020-08-21;2020-03-24
12345678000199;2021-08-19 00:45:36;11M7083;CONTRA-PINO;0.30;P02--192;6.00;1.80;0;0;0;2019-06-10;2019-06-05
12345678000199;2021-08-19 00:45:36;11M7087;CONTRA-PINO;0.26;P05--075;1.00;0.26;0;0;0;2020-08-14;2020-08-18
12345678000199;2021-08-19 00:45:36;11M7092;Contra-pino;0.44;P04--095;6.00;2.65;0;0;0;2017-02-24;2020-06-04
12345678000199;2021-08-19 00:45:36;124424 ;MOLA DE COMPRESSAO;11.44;P11--075;3.00;34.33;0;0;0;2020-01-31;2020-01-30
12345678000199;2021-08-19 00:45:36;12H245 ;ARRUELA DE PRESSAO;1.46;P04--031;2.00;2.92;0;0;0;2015-08-19;2020-04-24
12345678000199;2021-08-19 00:45:36;12H292 ;Arruela de pressao;0.39;P03--079;1.00;0.39;0;0;0;2019-08-10;2019-03-29
12345678000199;2021-08-19 00:45:36;12H294 ;ARRUELA DE PRESSAO;1.25;P07--097;33.00;41.28;0;0;0;2020-12-31;2021-01-06
12345678000199;2021-08-19 00:45:36;12H301 ;ARRUELA DE PRESSAO;0.64;P16--080;37.00;23.62;0;0;0;2020-12-31;2021-01-14
12345678000199;2021-08-19 00:45:36;12M6191;Arrela de disco ;3.00;P02--138;10.00;29.95;0;0;0;2020-03-24;2020-05-05
12345678000199;2021-08-19 00:45:36;12M6601;MOLA DE DISCO;4.16;P03--085;1.00;4.16;0;0;0;2020-06-24;2020-06-22
12345678000199;2021-08-19 00:45:36;12M7044;ARRUELA DE PRESSAO;1.81;P06--144;7.00;12.65;0;0;0;2020-02-27;2019-03-29
12345678000199;2021-08-19 00:45:36;12M7060;ARRUELA;0.13;P05--116;6.00;0.75;0;0;0;2019-11-22;2019-03-06
12345678000199;2021-08-19 00:45:36;12M7065;Arruela de pressao;0.47;P16--158;29.00;13.61;0;0;0;2020-08-12;2019-01-16
12345678000199;2021-08-19 00:45:36;12M7066;ARRUELA DE PRESSAO;0.17;P07--064;10.00;1.67;0;0;0;2020-08-11;2019-04-22
12345678000199;2021-08-19 00:45:36;12M7067;ARRUELA DE PRESSAO;0.54;P10--004;10.00;5.36;0;0;0;2020-03-01;2019-04-18
12345678000199;2021-08-19 00:45:36;12M7069;ARRUELA DE PRESSAO;0.84;P07--096;13.00;10.86;0;0;0;2019-05-31;2018-02-09
12345678000199;2021-08-19 00:45:36;12P1011;Anel o ;1.97;P04--091;10.00;19.72;0;0;0;2019-02-04;2020-02-03
12345678000199;2021-08-19 00:45:36;12P1013;ANEL O ;0.83;P03--247;4.00;3.30;0;0;0;2020-05-04;2020-04-15
12345678000199;2021-08-19 00:45:36;13P1004;Rolamento de esfeRas;56.41;P08--089;4.00;225.62;0;0;0;2020-12-21;2020-11-23
12345678000199;2021-08-19 00:45:36;13P1008;Rolamento de esfeRas;8.94;P04--045;10.00;89.42;0;0;0;2020-12-21;2021-01-22
12345678000199;2021-08-19 00:45:36;13P1018;ROLAMENTO DE ESFERAS;89.35;P04--052;2.00;178.69;0;0;0;2020-03-26;2019-02-14
12345678000199;2021-08-19 00:45:36;13P1023;ROLAMENTO ;280.52;P03--048;1.00;280.52;0;0;0;2019-04-23;2019-04-24
12345678000199;2021-08-19 00:45:36;13P1037;ROLAMENTO DE ESFERAS;22.06;P11--016;7.00;154.45;0;0;0;2012-11-20;2020-12-09
12345678000199;2021-08-19 00:45:36;13P1044;Rolamento de agulhas;50.28;P06--115;4.00;201.11;0;0;0;2018-11-29;2019-01-18
12345678000199;2021-08-19 00:45:36;14H1040;PORCA;1.16;P04--194;91.00;105.69;0;0;0;2020-12-31;2021-01-14
12345678000199;2021-08-19 00:45:36;14H1058;PORCA;2.41;P03--297;5.00;12.05;0;0;0;2020-08-06;2019-08-22
12345678000199;2021-08-19 00:45:36;14H1069;PORCA;2.27;P09--011;75.00;170.59;0;0;0;2020-12-31;2021-01-14
12345678000199;2021-08-19 00:45:36;14H1076;Porca;0.58;P16--164;30.00;17.31;0;0;0;2020-12-31;2021-01-05
12345678000199;2021-08-19 00:45:36;14H1086;PORCA;11.23;P02--350;7.00;78.59;0;0;0;2019-05-31;2019-01-23
12345678000199;2021-08-19 00:45:36;14H605 ;PORCA;0.38;P16--196;94.00;36.00;0;0;0;2020-02-28;2020-02-21
12345678000199;2021-08-19 00:45:36;14H631 ;PORCA;0.29;P02--204;26.00;7.58;0;0;0;2020-11-26;1900-01-01
12345678000199;2021-08-19 00:45:36;14H649 ;Porca;0.33;P05--043;1.00;0.33;0;0;0;2020-02-05;1900-01-01
12345678000199;2021-08-19 00:45:36;14H785 ;PORCA;0.11;P05--092;8.00;0.91;0;0;0;2020-11-26;2020-01-13
12345678000199;2021-08-19 00:45:36;14H800 ;PORCA;2.62;P07--072;22.00;57.73;0;0;0;2020-11-27;2020-12-07
12345678000199;2021-08-19 00:45:36;14H821 ;PORCA;1.78;P03--130;10.00;17.78;0;0;0;2011-08-30;2020-09-09
12345678000199;2021-08-19 00:45:36;14H826 ;PORCA;0.77;P04--083;6.00;4.63;0;0;0;2018-07-13;1900-01-01
12345678000199;2021-08-19 00:45:36;14H860 ;PORCA;0.19;P06--094;5.00;0.94;0;0;0;2019-02-22;1900-01-01
12345678000199;2021-08-19 00:45:36;14H875 ;PORCA;5.54;P08--073;5.00;27.69;0;0;0;2020-06-04;2017-01-12
12345678000199;2021-08-19 00:45:36;14M5409;PORCA;7.87;P02--142;4.00;31.46;0;0;0;2011-07-12;2020-10-01
12345678000199;2021-08-19 00:45:36;14M7009;Porca;0.32;P03--233;1.00;0.32;0;0;0;2018-12-28;2018-11-29
12345678000199;2021-08-19 00:45:36;14M7020;PORCA BORBOLETA ;0.98;P16--059;22.00;21.45;0;0;0;2020-09-01;2020-09-04
12345678000199;2021-08-19 00:45:36;14M7027;PORCA;0.30;P02--062;28.00;8.53;0;0;0;2020-04-01;2021-01-21
12345678000199;2021-08-19 00:45:36;14M7029;USE 14M7273 - PORCA ;0.56;P02--029;23.00;12.85;0;0;0;2020-03-19;2020-09-22
12345678000199;2021-08-19 00:45:36;14M7031;PORCA;1.60;P04--108;10.00;16.00;0;0;0;2020-03-01;2020-04-13
12345678000199;2021-08-19 00:45:36;14M7066;Porca;1.26;P05--107;3.00;3.78;0;0;0;2019-06-21;2018-04-19
12345678000199;2021-08-19 00:45:36;14M7136;PORCA;0.16;P02--093;3.00;0.49;0;0;0;2019-08-23;2019-08-09
12345678000199;2021-08-19 00:45:36;14M7138;Porca;3.66;P02--399;4.00;14.63;0;0;0;2019-10-22;2019-09-26
12345678000199;2021-08-19 00:45:36;14M7139;PORCA;0.30;P04--148;7.00;2.08;0;0;0;2020-08-19;2020-08-19
12345678000199;2021-08-19 00:45:36;14M7140;PORCA;0.71;P11--019;22.00;15.61;0;0;0;2020-08-11;2019-01-21
12345678000199;2021-08-19 00:45:36;14M7142;PORCA;2.22;P07--066;21.00;46.59;0;0;0;2020-12-18;2020-12-29
12345678000199;2021-08-19 00:45:36;14M7163;Porca;0.56;P04--089;41.00;22.81;0;0;0;2018-09-25;2019-02-08
12345678000199;2021-08-19 00:45:36;14M7165;Porca de seguranca;0.30;P03--039;15.00;4.54;0;0;0;2020-10-16;2020-09-23
12345678000199;2021-08-19 00:45:36;14M7166;Porca de seguranca;0.27;P02--289;51.00;13.72;0;0;0;2020-12-15;2020-12-09
12345678000199;2021-08-19 00:45:36;14M7167;PORCA DE SEGURANCA;0.71;P03--035;5.00;3.55;0;0;0;2020-12-14;2017-03-13
12345678000199;2021-08-19 00:45:36;14M7168;PORCA DE SEGURANCA;1.12;P03--296;46.00;51.70;0;0;0;2020-12-15;2020-12-09
12345678000199;2021-08-19 00:45:36;14M7170;PORCA DE SEGURANCA;0.48;P11--016;16.00;7.66;0;0;0;2020-10-16;2020-03-19
12345678000199;2021-08-19 00:45:36;14M7174;PORCA DE SEGURANCA;14.24;P06--140;4.00;56.95;0;0;0;2013-07-06;2020-01-30
12345678000199;2021-08-19 00:45:36;14M7209;PORCA;2.76;P03--223;2.00;5.51;0;0;0;2018-04-05;2017-08-11
12345678000199;2021-08-19 00:45:36;14M7226;Porca;1.83;P06--191;2.00;3.66;0;0;0;2018-03-07;1900-01-01
12345678000199;2021-08-19 00:45:36;14M7238;PORCA COM FLANGE;11.59;P03--258;9.00;104.29;0;0;0;2020-12-23;2021-01-07
12345678000199;2021-08-19 00:45:36;14M7257;PORCA;3.58;P16--039;1.00;3.58;0;0;0;2020-06-12;2020-06-08
12345678000199;2021-08-19 00:45:36;14M7260;PORCA;1.44;P04--021;3.00;4.33;0;0;0;2020-12-15;2020-12-09
12345678000199;2021-08-19 00:45:36;14M7272;PORCA;0.39;P10--050;47.00;18.46;0;0;0;2020-12-17;2020-09-08
12345678000199;2021-08-19 00:45:36;14M7273;Porca;0.69;P16--069;57.00;39.22;0;0;0;2020-09-22;2020-09-28
12345678000199;2021-08-19 00:45:36;14M7274;Porca;1.06;P03--268;45.00;47.50;0;0;0;2020-11-26;2020-09-04
12345678000199;2021-08-19 00:45:36;14M7275;PORCA;1.26;P03--006;17.00;21.35;0;0;0;2020-10-13;2017-02-03
12345678000199;2021-08-19 00:45:36;14M7276;PORCA;2.62;P07--063;126.00;329.82;0;0;0;2020-12-08;2020-11-06
12345678000199;2021-08-19 00:45:36;14M7277;PORCA;6.58;P03--279;15.00;98.66;0;0;0;2021-01-14;2021-01-08
12345678000199;2021-08-19 00:45:36;14M7278;PORCA;7.49;P05--065;2.00;14.97;0;0;0;2020-11-17;2020-11-24
12345678000199;2021-08-19 00:45:36;14M7291;PORCA COM FLANGE;4.46;P06--258;16.00;71.36;0;0;0;2020-12-14;2019-03-06
12345678000199;2021-08-19 00:45:36;14M7296;Porca com flange;1.73;P09--046;253.00;436.49;0;0;0;2020-12-14;2021-01-19
12345678000199;2021-08-19 00:45:36;14M7297;PORCA;0.25;P16--181;43.00;10.55;0;0;0;2019-03-28;1900-01-01
12345678000199;2021-08-19 00:45:36;14M7298;PORCA COM FLANGE;0.42;P02--102;50.00;21.19;0;0;0;2020-09-11;2020-09-04
12345678000199;2021-08-19 00:45:36;14M7299;PORCA COM FLANGE;1.66;P07--108;47.00;77.95;0;0;0;2020-12-14;2020-09-30
12345678000199;2021-08-19 00:45:36;14M7300;PORCA COM FLANGE;5.71;P04--238;1.00;5.71;0;0;0;2020-10-22;2020-10-30
12345678000199;2021-08-19 00:45:36;14M7303;Porca com flange;0.75;P07--089;376.00;280.33;0;0;0;2020-12-28;2021-01-19
12345678000199;2021-08-19 00:45:36;14M7313;PORCA DE SEGURANCA;2.57;P03--155;12.00;30.89;0;0;0;2020-12-31;2021-01-14
12345678000199;2021-08-19 00:45:36;14M7319;PORCA DE SEGURANCA;2.82;P04--086;11.00;31.05;0;0;0;2019-01-08;2019-03-06
12345678000199;2021-08-19 00:45:36;14M7329;PORCA DE SEGURANCA;2.12;P03--111;6.00;12.71;0;0;0;2020-10-23;2020-10-29
12345678000199;2021-08-19 00:45:36;14M7331;PORCA;5.81;P06--228;1.00;5.81;0;0;0;2019-09-04;2019-09-03
12345678000199;2021-08-19 00:45:36;14M7332;PORCA COM FLANGE;6.94;P11--054;4.00;27.75;0;0;0;2018-06-13;2019-02-08
12345678000199;2021-08-19 00:45:36;14M7360;PORCA DE SEGURANCA;0.47;P04--049;1.00;0.47;0;0;0;2019-10-25;2019-10-25
12345678000199;2021-08-19 00:45:36;14M7382;PORCA;4.57;P03--070;2.00;9.13;0;0;0;2020-12-15;2020-12-09
12345678000199;2021-08-19 00:45:36;14M7396;PORCA DE SEGURANCA;1.77;P03--276;25.00;44.37;0;0;0;2020-12-15;2020-12-09
12345678000199;2021-08-19 00:45:36;14M7397;Porca de seguranca;1.19;P07--083;18.00;21.40;0;0;0;2020-12-31;2021-01-06
12345678000199;2021-08-19 00:45:36;14M7400;PORCA DE SEGURANCA;2.49;P02--067;12.00;29.90;0;0;0;2020-09-14;2020-08-21
12345678000199;2021-08-19 00:45:36;14M7410;PORCA DE SEGURANCA;6.35;P04--065;1.00;6.35;0;0;0;2020-10-16;2020-10-14
12345678000199;2021-08-19 00:45:36;14M7413;PORCA DE SEGURANCA;10.28;P06--002;10.00;102.78;0;0;0;2016-08-16;2020-09-30
12345678000199;2021-08-19 00:45:36;14M7425;PORCA;9.69;P06--196;2.00;19.37;0;0;0;2021-01-08;2020-10-05
12345678000199;2021-08-19 00:45:36;14M7426;Porca de seguranca;1.81;P03--090;10.00;18.08;0;0;0;2020-09-01;2020-09-04
12345678000199;2021-08-19 00:45:36;14M7452;PORCA DE SEGURANCA;1.59;P16--169;10.00;15.91;0;0;0;2018-09-25;2018-09-26
